,Fecha,tipo de tienda,El microretailer has a barred window,Store devices,acepto la encuesta,cambio espacio tienda,cambio promedio salario,Registro inventario,registros ventas,id impuesto,canales ventas,metodo pago,relacion clientes,organizado productos,internet conexión,credito clientes,planificacion ventas,pedidos proveedores,empleados permanentes,empleados permanentes el año pasado
0,"November 12, 2022",tailor,yes,pos system (i.e. computer + bar code scanner + printer),yes,No cambió,No cambió,Software especializado + computadora,Software especializado + computadora,yes,"Llamada a Teléfono celular,Llamada a Teléfono fijo,Redes sociales (e.g. Facebook, Instagram),WhatsApp","Efectivo,Transferencia interbancaria",Redes sociales,"Categoría (e.g. limpieza, aseo personal, comestibles, lácteos, etc.)",yes,no,Software especializado,Desconocido,2.0,2.0
1,"November 12, 2022",grocery store (aka. nanostore),no,dataphone (i.e. card payments),yes,Aumentó 15%,No cambió,No lo hago,No lo hago,no,"Redes sociales (e.g. Facebook, Instagram),WhatsApp","Efectivo,Transferencia interbancaria",Aplicación móvil,"Categoría (e.g. limpieza, aseo personal, comestibles, lácteos, etc.)",yes,no,Desconocido,Desconocido,1.0,1.0
2,"November 12, 2022",grocery store (aka. nanostore),yes,dataphone (i.e. card payments),yes,No cambió,No cambió,En Excel,Software especializado + computadora,no,"Redes sociales (e.g. Facebook, Instagram),WhatsApp","Efectivo,Tarjeta de débito y/o crédito",Redes sociales,"Categoría (e.g. limpieza, aseo personal, comestibles, lácteos, etc.)",yes,yes,Desconocido,Desconocido,2.0,2.0
3,"November 12, 2022",grocery store (aka. nanostore),no,pos system (i.e. computer + bar code scanner + printer),yes,No cambió,No cambió,Software especializado + computadora,Software especializado + computadora,yes,"Llamada a Teléfono celular,Llamada a Teléfono fijo,Redes sociales (e.g. Facebook, Instagram),WhatsApp","Efectivo,Tarjeta de débito y/o crédito,Transferencia interbancaria",Teléfono,"Categoría (e.g. limpieza, aseo personal, comestibles, lácteos, etc.)",yes,no,Ninguna,Desconocido,1.0,1.0
4,"November 12, 2022",grocery store (aka. nanostore),yes,smartphone,yes,No cambió,No cambió,En papel,En papel,yes,"Llamada a Teléfono celular,Llamada a Teléfono fijo,Redes sociales (e.g. Facebook, Instagram),WhatsApp","Efectivo,Tarjeta de débito y/o crédito,Transferencia interbancaria",Desconocido,Venta cruzada (e.g. cereal + leche),yes,yes,Desconocido,Desconocido,0.0,0.0
5,"November 12, 2022",cafeteria,no,dataphone (i.e. card payments),yes,No cambió,No cambió,Software especializado + computadora,Software especializado + computadora,yes,Desconocido,"Efectivo,Tarjeta de débito y/o crédito,Transferencia interbancaria",Redes sociales,Precio,yes,no,Desconocido,Desconocido,1.0,1.0
6,"November 12, 2022",technology store,yes,smartphone,yes,No cambió,No cambió,En Excel,No lo hago,yes,"Redes sociales (e.g. Facebook, Instagram),WhatsApp","Efectivo,Transferencia interbancaria",Redes sociales,Frecuencia de venta,yes,yes,Desconocido,Desconocido,2.0,2.0
7,"November 12, 2022",grocery store (aka. nanostore),yes,dataphone (i.e. card payments),yes,Aumentó 50% o más,No cambió,"En Excel,En papel",En papel,no,"Redes sociales (e.g. Facebook, Instagram),WhatsApp","Efectivo,Tarjeta de débito y/o crédito,Transferencia interbancaria",Redes sociales,"Categoría (e.g. limpieza, aseo personal, comestibles, lácteos, etc.)",yes,yes,Software especializado,Desconocido,0.0,0.0
8,"November 12, 2022",retailer store,yes,dataphone (i.e. card payments),yes,No cambió,No cambió,Software especializado + computadora,Software especializado + computadora,yes,"Redes sociales (e.g. Facebook, Instagram),WhatsApp","Efectivo,Tarjeta de débito y/o crédito,Transferencia interbancaria",Redes sociales,"Categoría (e.g. limpieza, aseo personal, comestibles, lácteos, etc.)",yes,yes,Desconocido,Desconocido,1.0,1.0
9,"November 12, 2022",grocery store (aka. nanostore),yes,smartphone,yes,Aumentó 25%,No cambió,No lo hago,No lo hago,yes,"Llamada a Teléfono celular,Llamada a Teléfono fijo,Redes sociales (e.g. Facebook, Instagram),WhatsApp",Efectivo,Desconocido,"Categoría (e.g. limpieza, aseo personal, comestibles, lácteos, etc.)",yes,yes,Ninguna,Desconocido,1.0,1.0
10,"November 12, 2022",grocery store (aka. nanostore),yes,pos system (i.e. computer + bar code scanner + printer),yes,No cambió,Dependiente ,Software especializado + computadora,Aplicación móvil (i.e. App) + smartphone,yes,Desconocido,Efectivo,Redes sociales,Refrigeración,yes,yes,Ninguna,Mensajería instantánea (e.g. WhatsApp),1.0,1.0
11,"November 12, 2022",internet ,no,dataphone (i.e. card payments),yes,No cambió,No cambió,Software especializado + computadora,Software especializado + computadora,yes,"Llamada a Teléfono celular,Llamada a Teléfono fijo,Redes sociales (e.g. Facebook, Instagram),WhatsApp","Efectivo,Tarjeta de débito y/o crédito,Transferencia interbancaria",Aplicación móvil,Frecuencia de venta,yes,yes,Aplicación móvil,Página web del proveedor,1.0,1.0
12,"November 12, 2022",ferretería ,no,analog cash register,yes,No cambió,Aumentó 15%,En papel,Caja registradora (análoga),yes,Desconocido,"Efectivo,Tarjeta de débito y/o crédito",Redes sociales,Frecuencia de venta,yes,no,Ninguna,Mensajería instantánea (e.g. WhatsApp),2.0,4.0
13,"November 12, 2022",butcher shop,no,smartphone,yes,No se cuenta con informacion,No hay informacion acerca del cambio,En papel,En papel,no,"Llamada a Teléfono celular,Llamada a Teléfono fijo,Redes sociales (e.g. Facebook, Instagram),WhatsApp",Efectivo,Ninguna,Precio,no,no,Ninguna,Llamada telefónica,1.0,1.446808510638298
14,"November 12, 2022",micro-restaurant (aka. fondita),no,smartphone,yes,No cambió,No cambió,No lo hago,En papel,yes,Desconocido,Efectivo,Aplicación móvil,Refrigeración,yes,no,Ninguna,Llamada telefónica,5.0,1.446808510638298
15,"November 9, 2022",dulceria ,no,pos system (i.e. computer + bar code scanner + printer),yes,No cambió,No cambió,Software especializado + computadora,Software especializado + computadora,yes,"Redes sociales (e.g. Facebook, Instagram),WhatsApp","Efectivo,Tarjeta de débito y/o crédito,Transferencia interbancaria",Redes sociales,Frecuencia de venta,yes,yes,Desconocido,Llamada telefónica,1.0,2.0
16,"November 9, 2022",pet store,yes,"security cameras,smartphone",yes,No cambió,Disminuyó 25%,En Excel,Aplicación móvil (i.e. App) + smartphone,yes,"Redes sociales (e.g. Facebook, Instagram),WhatsApp","Aplicación móvil (e.g. CODI),Efectivo,Tarjeta de débito y/o crédito,Transferencia interbancaria",Aplicación móvil,Frecuencia de venta,no,yes,Software especializado,"Email,En persona",1.0,1.0
17,"November 9, 2022",micro-restaurant (aka. fondita),no,smartphone,yes,No cambió,Aumentó 25%,No lo hago,No lo hago,no,"Llamada a Teléfono celular,Llamada a Teléfono fijo,Redes sociales (e.g. Facebook, Instagram),WhatsApp",Efectivo,Aplicación móvil,Refrigeración,yes,yes,Ninguna,Llamada telefónica,3.0,2.0
18,"November 9, 2022",micro-restaurant (aka. fondita),no,smartphone,yes,No se cuenta con informacion,No hay informacion acerca del cambio,En papel,En papel,no,Desconocido,"Efectivo,Transferencia interbancaria",Ninguna,Frecuencia de venta,no,no,Cuaderno,Desconocido,1.0,1.446808510638298
19,"November 9, 2022",cosmetiquera ,no,"security cameras,smartphone",yes,No se cuenta con informacion,No hay informacion acerca del cambio,En Excel,En Excel,no,"Llamada a Teléfono celular,Llamada a Teléfono fijo,Redes sociales (e.g. Facebook, Instagram),WhatsApp",Efectivo,Cuaderno,Frecuencia de venta,yes,no,Ninguna,Mensajería instantánea (e.g. WhatsApp),4.0,1.446808510638298
20,"November 11, 2022",dairy products,no,analog cash register,yes,No cambió,No cambió,No lo hago,Contadora,yes,"Llamada a Teléfono celular,Llamada a Teléfono fijo,Redes sociales (e.g. Facebook, Instagram),WhatsApp",Efectivo,Ninguna,"Categoría (e.g. limpieza, aseo personal, comestibles, lácteos, etc.)",no,no,Cuaderno,Llamada telefónica,0.0,0.0
21,"November 9, 2022",grocery store (aka. nanostore),no,dataphone (i.e. card payments),no,No se cuenta con informacion,No hay informacion acerca del cambio,No hay información,No hay información acerca de las ventas,Desconocido,Desconocido,Desconocido,Desconocido,Sin categoría,Desconocido,Desconocido,Desconocido,Desconocido,1.6272727272727272,1.446808510638298
22,"November 9, 2022",grocery store (aka. nanostore),no,analog cash register,no,No se cuenta con informacion,No hay informacion acerca del cambio,No hay información,No hay información acerca de las ventas,Desconocido,Desconocido,Desconocido,Desconocido,Sin categoría,Desconocido,Desconocido,Desconocido,Desconocido,1.6272727272727272,1.446808510638298
23,"November 9, 2022",butcher shop,no,analog cash register,no,No se cuenta con informacion,No hay informacion acerca del cambio,No hay información,No hay información acerca de las ventas,Desconocido,Desconocido,Desconocido,Desconocido,Sin categoría,Desconocido,Desconocido,Desconocido,Desconocido,1.6272727272727272,1.446808510638298
24,"November 9, 2022",grocery store (aka. nanostore),no,analog cash register,no,No se cuenta con informacion,No hay informacion acerca del cambio,No hay información,No hay información acerca de las ventas,Desconocido,Desconocido,Desconocido,Desconocido,Sin categoría,Desconocido,Desconocido,Desconocido,Desconocido,1.6272727272727272,1.446808510638298
25,"November 9, 2022",grocery store (aka. nanostore),no,smartphone,no,No se cuenta con informacion,No cambió,No lo hago,En papel,Desconocido,Desconocido,Efectivo,Desconocido,Refrigeración,yes,yes,Desconocido,Llamada telefónica,0.0,0.0
26,"November 9, 2022",grocery store (aka. nanostore),no,smartphone,no,No se cuenta con informacion,No hay informacion acerca del cambio,No hay información,No hay información acerca de las ventas,Desconocido,Desconocido,Desconocido,Desconocido,Sin categoría,Desconocido,Desconocido,Desconocido,Desconocido,1.6272727272727272,1.446808510638298
27,"November 9, 2022",grocery store (aka. nanostore),no,"security cameras,smartphone",no,No se cuenta con informacion,No hay informacion acerca del cambio,No hay información,No hay información acerca de las ventas,Desconocido,Desconocido,Desconocido,Desconocido,Sin categoría,Desconocido,Desconocido,Desconocido,Desconocido,1.6272727272727272,1.446808510638298
28,"November 9, 2022",grocery store (aka. nanostore),no,smartphone,no,No se cuenta con informacion,No hay informacion acerca del cambio,No hay información,No hay información acerca de las ventas,Desconocido,Desconocido,Desconocido,Desconocido,Sin categoría,Desconocido,Desconocido,Desconocido,Desconocido,1.6272727272727272,1.446808510638298
29,"November 9, 2022",grocery store (aka. nanostore),no,smartphone,no,No se cuenta con informacion,No hay informacion acerca del cambio,No hay información,No hay información acerca de las ventas,Desconocido,Desconocido,Desconocido,Desconocido,Sin categoría,Desconocido,Desconocido,Desconocido,Desconocido,1.6272727272727272,1.446808510638298
30,"November 9, 2022",butcher shop,no,"security cameras,smartphone",no,No se cuenta con informacion,No hay informacion acerca del cambio,No hay información,No hay información acerca de las ventas,Desconocido,Desconocido,Desconocido,Desconocido,Sin categoría,Desconocido,Desconocido,Desconocido,Desconocido,1.6272727272727272,1.446808510638298
31,"November 9, 2022",grocery store (aka. nanostore),no,smartphone,no,No se cuenta con informacion,No hay informacion acerca del cambio,No hay información,No hay información acerca de las ventas,Desconocido,Desconocido,Desconocido,Desconocido,Sin categoría,Desconocido,Desconocido,Desconocido,Desconocido,1.6272727272727272,1.446808510638298
32,"November 9, 2022",butcher shop,no,smartphone,no,No se cuenta con informacion,No hay informacion acerca del cambio,No hay información,No hay información acerca de las ventas,Desconocido,Desconocido,Desconocido,Desconocido,Sin categoría,Desconocido,Desconocido,Desconocido,Desconocido,1.6272727272727272,1.446808510638298
33,"November 9, 2022",grocery store (aka. nanostore),no,smartphone,no,No se cuenta con informacion,No hay informacion acerca del cambio,No hay información,No hay información acerca de las ventas,Desconocido,Desconocido,Desconocido,Desconocido,Sin categoría,Desconocido,Desconocido,Desconocido,Desconocido,1.6272727272727272,1.446808510638298
34,"November 9, 2022",cafeteria,no,analog cash register,yes,No cambió,Aumentó 50% o más,En papel,No lo hago,no,"Redes sociales (e.g. Facebook, Instagram),WhatsApp","Efectivo,Tarjeta de débito y/o crédito,Transferencia interbancaria",Redes sociales,Tamaño,yes,no,Ninguna,En persona,0.0,1.0
35,"November 10, 2022",micro-restaurant (aka. fondita),yes,smartphone,yes,Disminuyó 15%,Aumentó 15%,No lo hago,No lo hago,no,Desconocido,Efectivo,Desconocido,Margen de utilidad,no,no,Ninguna,Desconocido,1.0,1.0
36,"November 10, 2022",micro-restaurant (aka. fondita),yes,smartphone,yes,No cambió,Disminuyó 15%,En papel,En papel,yes,"Llamada a Teléfono celular,Llamada a Teléfono fijo,Redes sociales (e.g. Facebook, Instagram),WhatsApp","Efectivo,Tarjeta de débito y/o crédito",Ninguna,Frecuencia de venta,yes,no,Cuaderno,Llamada telefónica,3.0,3.0
37,"November 10, 2022",planchaduria,yes,smartphone,yes,Disminuyó 15%,No cambió,En Excel,En papel,yes,Volantes,Efectivo,Aplicación móvil,Frecuencia de venta,no,no,Ninguna,Llamada telefónica,1.0,1.0
38,"November 10, 2022",ginecología,no,papel y celular,yes,No cambió,No cambió,No lo hago,En papel,yes,"Llamada a Teléfono celular,Llamada a Teléfono fijo,Redes sociales (e.g. Facebook, Instagram),WhatsApp","Efectivo,Transferencia interbancaria",Ninguna,Sin categoría,yes,no,Cuaderno,Desconocido,2.0,2.0
39,"November 10, 2022",salón de eventos,yes,smartphone,yes,No cambió,No cambió,En papel,En papel,no,"Llamada a Teléfono celular,Llamada a Teléfono fijo,Redes sociales (e.g. Facebook, Instagram),WhatsApp",Efectivo,Aplicación móvil,Sin categoría,yes,no,Otro,Llamada telefónica,2.0,2.0
40,"November 10, 2022",micro-restaurant (aka. fondita),no,smartphone,yes,No cambió,Disminuyó 25%,En papel,En papel,yes,Desconocido,Efectivo,Aplicación móvil,Margen de utilidad,no,no,Cuaderno,Llamada telefónica,2.0,3.0
41,"November 10, 2022",grocery store (aka. nanostore),no,"security cameras,smartphone",yes,Disminuyó 25%,No cambió,En papel,En papel,yes,Desconocido,Efectivo,Aplicación móvil,"Categoría (e.g. limpieza, aseo personal, comestibles, lácteos, etc.)",yes,no,Cuaderno,Llamada telefónica,0.0,0.0
42,"November 10, 2022",micro-restaurant (aka. fondita),no,smartphone,yes,Aumentó 15%,Disminuyó 50% o más,"En papel,Mental",En papel,no,Ninguno,Efectivo,Ninguna,Sin categoría,no,yes,Mental,En persona,1.0,3.0
43,"November 10, 2022",panaderia,yes,analog cash register,yes,No cambió,Disminuyó 15%,No lo hago,En papel,yes,Ninguno,Efectivo,Ninguna,Precio,no,no,Otro,En persona,4.0,4.0
44,"November 10, 2022",grocery store (aka. nanostore),no,pos system (i.e. computer + bar code scanner + printer),yes,No cambió,No cambió,Software especializado + computadora,Software especializado + computadora,yes,"Llamada a Teléfono celular,Llamada a Teléfono fijo,Redes sociales (e.g. Facebook, Instagram),WhatsApp",Efectivo,Ninguna,"Categoría (e.g. limpieza, aseo personal, comestibles, lácteos, etc.)",no,no,Sobre demanda ,En persona,0.0,0.0
45,"November 10, 2022",grocery store (aka. nanostore),no,pos system (i.e. computer + bar code scanner + printer),yes,No cambió,Aumentó 25%,Software especializado + computadora,Software especializado + computadora,yes,Físico ,"Efectivo,Tarjeta de débito y/o crédito",Físico ,Frecuencia de venta,yes,no,Ninguna,Página web del proveedor,2.0,0.0
46,"November 8, 2022",grocery store (aka. nanostore),no,analog cash register,no,No se cuenta con informacion,No hay informacion acerca del cambio,No hay información,No hay información acerca de las ventas,Desconocido,Desconocido,Desconocido,Desconocido,Sin categoría,Desconocido,Desconocido,Desconocido,Desconocido,1.6272727272727272,1.446808510638298
47,"November 10, 2022",dairy products,yes,dataphone (i.e. card payments),yes,No cambió,Disminuyó 25%,En papel,En papel,yes,"Llamada a Teléfono celular,Llamada a Teléfono fijo,Redes sociales (e.g. Facebook, Instagram),WhatsApp","Efectivo,Tarjeta de débito y/o crédito,Transferencia interbancaria",Aplicación móvil,Frecuencia de venta,yes,no,Ninguna,Llamada telefónica,2.0,2.0
48,"November 10, 2022",micro-restaurant (aka. fondita),no,"security cameras,smartphone",yes,No cambió,No cambió,En papel,En papel,no,"Aplicación móvil (e.g. Rappi, Uber Eats)","Aplicación móvil (e.g. CODI),Efectivo,Tarjeta de débito y/o crédito,Transferencia interbancaria",Aplicación móvil,Frecuencia de venta,no,yes,Cuaderno,Llamada telefónica,2.0,2.0
49,"November 10, 2022",hules,yes,pos system (i.e. computer + bar code scanner + printer),no,No se cuenta con informacion,No hay informacion acerca del cambio,No hay información,No hay información acerca de las ventas,Desconocido,"Aplicación móvil (e.g. Rappi, Uber Eats)",Desconocido,Desconocido,Sin categoría,Desconocido,Desconocido,Desconocido,Desconocido,1.6272727272727272,1.446808510638298
50,"November 10, 2022",cosmetiquera ,no,pos system (i.e. computer + bar code scanner + printer),yes,No cambió,Aumentó 15%,Aplicación móvil (i.e. App) + smartphone,Caja registradora (análoga),no,"Redes sociales (e.g. Facebook, Instagram),WhatsApp","Efectivo,Tarjeta de débito y/o crédito",Aplicación móvil,"Categoría (e.g. limpieza, aseo personal, comestibles, lácteos, etc.)",yes,no,Cuaderno,En persona,2.0,0.0
51,"November 3, 2022",cafeteria,no,dataphone (i.e. card payments),yes,Aumentó 25%,Aumentó 15%,En papel,En papel,no,"Redes sociales (e.g. Facebook, Instagram),WhatsApp","Efectivo,Tarjeta de débito y/o crédito,Transferencia interbancaria",Aplicación móvil,Margen de utilidad,yes,yes,Cuaderno,Llamada telefónica,2.0,2.0
52,"November 10, 2022",grocery store (aka. nanostore),yes,smartphone,no,No se cuenta con informacion,No hay informacion acerca del cambio,No hay información,No hay información acerca de las ventas,Desconocido,Desconocido,Desconocido,Desconocido,Sin categoría,Desconocido,Desconocido,Desconocido,Desconocido,1.6272727272727272,1.446808510638298
53,"November 10, 2022",objetos ,no,smartphone,yes,No cambió,Aumentó 15%,En Excel,En Excel,yes,"Redes sociales (e.g. Facebook, Instagram),WhatsApp","Efectivo,Tarjeta de débito y/o crédito,Transferencia interbancaria",Aplicación móvil,Tamaño,no,no,Excel,Desconocido,1.0,1.0
54,"November 10, 2022",muebles,no,smartphone,no,No se cuenta con informacion,No hay informacion acerca del cambio,No hay información,No hay información acerca de las ventas,Desconocido,Desconocido,Desconocido,Desconocido,Sin categoría,Desconocido,Desconocido,Desconocido,Desconocido,1.6272727272727272,1.446808510638298
55,"November 10, 2022",clothing,no,analog cash register,yes,No cambió,No cambió,En Excel,Caja registradora (análoga),yes,"Llamada a Teléfono celular,Llamada a Teléfono fijo,Redes sociales (e.g. Facebook, Instagram),WhatsApp",Efectivo,Cuaderno,Frecuencia de venta,no,no,Cuaderno,En persona,2.0,2.0
56,"November 10, 2022",handmade products ,yes,smartphone,no,No se cuenta con informacion,No hay informacion acerca del cambio,No hay información,No hay información acerca de las ventas,Desconocido,Desconocido,Desconocido,Desconocido,Sin categoría,Desconocido,Desconocido,Desconocido,Desconocido,1.6272727272727272,1.446808510638298
57,"November 10, 2022",rock store,yes,pos system (i.e. computer + bar code scanner + printer),yes,No cambió,No hay informacion acerca del cambio,No hay información,No hay información acerca de las ventas,yes,"Redes sociales (e.g. Facebook, Instagram),WhatsApp","Efectivo,Tarjeta de débito y/o crédito",Cuaderno,Precio,yes,no,Cuaderno,Desconocido,3.0,1.446808510638298
58,"November 10, 2022",ropa,no,analog cash register,yes,No se cuenta con informacion,No hay informacion acerca del cambio,"En Excel,En papel",Caja registradora (análoga),yes,Página web propia,Tarjeta de débito y/o crédito,Redes sociales,Frecuencia de venta,yes,no,Cuaderno,Desconocido,4.0,1.446808510638298
59,"November 10, 2022",objetos ,no,"security cameras,smartphone",yes,No se cuenta con informacion,No hay informacion acerca del cambio,En Excel,En Excel,yes,"Redes sociales (e.g. Facebook, Instagram),WhatsApp","Efectivo,Tarjeta de débito y/o crédito,Transferencia interbancaria",Redes sociales,"Categoría (e.g. limpieza, aseo personal, comestibles, lácteos, etc.)",yes,no,Cuaderno,Desconocido,1.0,1.446808510638298
60,"November 10, 2022",handmade products ,yes,pos system (i.e. computer + bar code scanner + printer),yes,No se cuenta con informacion,No hay informacion acerca del cambio,En Excel,Aplicación móvil (i.e. App) + smartphone,no,"Redes sociales (e.g. Facebook, Instagram),WhatsApp","Efectivo,Tarjeta de débito y/o crédito,Transferencia interbancaria",Aplicación móvil,Ninguna ,yes,no,Excel,Mensajería instantánea (e.g. WhatsApp),1.0,1.446808510638298
61,"November 10, 2022",handmade products ,yes,pos system (i.e. computer + bar code scanner + printer),no,No se cuenta con informacion,No hay informacion acerca del cambio,No hay información,No hay información acerca de las ventas,Desconocido,Desconocido,Desconocido,Desconocido,Sin categoría,Desconocido,Desconocido,Desconocido,Desconocido,1.6272727272727272,1.446808510638298
62,"November 10, 2022",sports,yes,smartphone,no,No se cuenta con informacion,No hay informacion acerca del cambio,No hay información,No hay información acerca de las ventas,Desconocido,Desconocido,Desconocido,Desconocido,Sin categoría,Desconocido,Desconocido,Desconocido,Desconocido,1.6272727272727272,1.446808510638298
63,"November 3, 2022",copias y servicio computadoras  ,no,pos system (i.e. computer + bar code scanner + printer),yes,Disminuyó 15%,No cambió,En Excel,En Excel,yes,"Redes sociales (e.g. Facebook, Instagram),WhatsApp",Efectivo,Aplicación móvil,Sin categoría,yes,no,Excel,Mensajería instantánea (e.g. WhatsApp),0.0,0.0
64,"November 3, 2022",objetos tradicionales,no,analog cash register,no,No se cuenta con informacion,No hay informacion acerca del cambio,No hay información,No hay información acerca de las ventas,Desconocido,Desconocido,Desconocido,Desconocido,Sin categoría,Desconocido,Desconocido,Desconocido,Desconocido,1.6272727272727272,1.446808510638298
65,"November 4, 2022",joyeria,no,no cuenta con dispositivos ,yes,No cambió,No cambió,En papel,En papel,yes,Ninguno,"Efectivo,Tarjeta de débito y/o crédito",Ninguna,"Categoría (e.g. limpieza, aseo personal, comestibles, lácteos, etc.)",no,no,Ninguna,En persona,0.0,0.0
66,"November 4, 2022",dulceria,no,no cuenta con dispositivos ,yes,Aumentó 50% o más,Aumentó 50% o más,En papel,En papel,yes,Desconocido,Efectivo,Aplicación móvil,"Categoría (e.g. limpieza, aseo personal, comestibles, lácteos, etc.)",yes,no,Ninguna,En persona,0.0,0.0
67,"November 4, 2022",ropa,no,analog cash register,yes,No cambió,Aumentó 15%,En papel,En papel,yes,Página web propia,"Efectivo,Tarjeta de débito y/o crédito,Transferencia interbancaria",Redes sociales,"Categoría (e.g. limpieza, aseo personal, comestibles, lácteos, etc.)",yes,no,Cuaderno,Mensajería instantánea (e.g. WhatsApp),4.0,4.0
68,"November 4, 2022",ropa,no,analog cash register,yes,No cambió,No cambió,En Excel,Software especializado + computadora,yes,"Redes sociales (e.g. Facebook, Instagram),WhatsApp","Efectivo,Tarjeta de débito y/o crédito,Transferencia interbancaria",Aplicación móvil,"Categoría (e.g. limpieza, aseo personal, comestibles, lácteos, etc.)",yes,no,Cuaderno,empresa,1.6272727272727272,1.446808510638298
69,"November 3, 2022",micro-restaurant (aka. fondita),yes,dataphone (i.e. card payments),yes,Disminuyó 15%,Aumentó 25%,En papel,Software especializado + computadora,yes,"Aplicación móvil (e.g. Rappi, Uber Eats)","Efectivo,Tarjeta de débito y/o crédito,Transferencia interbancaria",Aplicación móvil,Sin categoría,yes,yes,Ninguna,Desconocido,3.0,0.0
70,"November 3, 2022",cafeteria,no,dataphone (i.e. card payments),yes,Aumentó 50% o más,Aumentó 25%,En Excel,Software especializado + computadora,no,"Aplicación móvil (e.g. Rappi, Uber Eats)","Efectivo,Tarjeta de débito y/o crédito",Aplicación móvil,"Categoría (e.g. limpieza, aseo personal, comestibles, lácteos, etc.)",yes,no,Software especializado,Llamada telefónica,4.0,4.0
71,"November 8, 2022",ferretería,yes,analog cash register,yes,No cambió,No cambió,En papel,En papel,no,Desconocido,Efectivo,Cuaderno,Tamaño,yes,yes,Cuaderno,Llamada telefónica,0.0,0.0
72,"November 7, 2022",grocery store (aka. nanostore),no,smartphone,yes,No se cuenta con informacion,No hay informacion acerca del cambio,No lo hago,No lo hago,no,"Llamada a Teléfono celular,Llamada a Teléfono fijo,Redes sociales (e.g. Facebook, Instagram),WhatsApp","Efectivo,Tarjeta de débito y/o crédito,Transferencia interbancaria",Aplicación móvil,"Categoría (e.g. limpieza, aseo personal, comestibles, lácteos, etc.)",yes,no,Cuaderno,Llamada telefónica,1.0,1.0
73,"November 8, 2022",papeleria,no,analog cash register,yes,Disminuyó 15%,Aumentó 15%,Software especializado + computadora,Software especializado + computadora,yes,"Redes sociales (e.g. Facebook, Instagram),WhatsApp","Efectivo,Transferencia interbancaria",Aplicación móvil,Margen de utilidad,yes,no,Ninguna,En persona,2.0,4.0
74,"November 8, 2022",grocery store (aka. nanostore),no,no cuenta con dispositivos ,yes,No cambió,No cambió,En papel,En papel,yes,Desconocido,Efectivo,Publicidad,Precio,no,no,Ninguna,En persona,0.0,0.0
75,"November 8, 2022",floreria,no,no cuenta con dispositivos ,yes,No cambió,No cambió,No lo hago,En papel,yes,Desconocido,Efectivo,Aplicación móvil,"Categoría (e.g. limpieza, aseo personal, comestibles, lácteos, etc.)",no,no,Ninguna,En persona,0.0,0.0
76,"November 8, 2022",papeleria,no,pos system (i.e. computer + bar code scanner + printer),yes,No cambió,No cambió,En papel,En papel,yes,"Redes sociales (e.g. Facebook, Instagram),WhatsApp","Efectivo,Tarjeta de débito y/o crédito",Aplicación móvil,"Categoría (e.g. limpieza, aseo personal, comestibles, lácteos, etc.)",yes,yes,Catálogo ,Página web del proveedor,0.0,0.0
77,"November 4, 2022",grocery store (aka. nanostore),yes,pesa y calculadora,yes,No cambió,Aumentó 15%,"En Excel,En papel",En papel,yes,"Llamada a Teléfono celular,Llamada a Teléfono fijo,Redes sociales (e.g. Facebook, Instagram),WhatsApp","Efectivo,Tarjeta de débito y/o crédito,Transferencia interbancaria",Aplicación móvil,"Categoría (e.g. limpieza, aseo personal, comestibles, lácteos, etc.)",yes,no,Cuaderno,En persona,3.0,2.0
78,"November 4, 2022",grocery store (aka. nanostore),no,"security cameras,smartphone",yes,Disminuyó 15%,No cambió,No lo hago,En papel,yes,Desconocido,Efectivo,Ninguna,Frecuencia de venta,yes,yes,Cuaderno,Llamada telefónica,0.0,0.0
79,"November 4, 2022",venta de productos de limpieza,yes,pos system (i.e. computer + bar code scanner + printer),yes,No cambió,Aumentó 50% o más,"En Excel,En papel","En Excel,En papel",yes,Página web propia,"Efectivo,Transferencia interbancaria",Aplicación móvil,"Categoría (e.g. limpieza, aseo personal, comestibles, lácteos, etc.)",no,no,Redes sociales,En persona,1.0,2.0
80,"November 8, 2022",grocery store (aka. nanostore),no,"security cameras,smartphone",yes,No cambió,Aumentó 50% o más,"En papel,Mental",En papel,no,Desconocido,"Efectivo,Transferencia interbancaria",Publicidad,"Categoría (e.g. limpieza, aseo personal, comestibles, lácteos, etc.)",yes,no,Ninguna,Llamada telefónica,5.0,0.0
81,"November 9, 2022",grocery store (aka. nanostore),no,analog cash register,no,No se cuenta con informacion,No hay informacion acerca del cambio,No hay información,No hay información acerca de las ventas,Desconocido,Desconocido,Desconocido,Desconocido,Sin categoría,Desconocido,Desconocido,Desconocido,Desconocido,1.6272727272727272,1.446808510638298
82,"November 9, 2022",dairy products,yes,smartphone,no,No se cuenta con informacion,No hay informacion acerca del cambio,No hay información,No hay información acerca de las ventas,Desconocido,Desconocido,Desconocido,Desconocido,Sin categoría,Desconocido,Desconocido,Desconocido,Desconocido,1.6272727272727272,1.446808510638298
83,"November 9, 2022",micro-restaurant (aka. fondita),no,analog cash register,yes,Disminuyó 50% o más,No hay informacion acerca del cambio,En papel,En papel,yes,"Llamada a Teléfono celular,Llamada a Teléfono fijo,Redes sociales (e.g. Facebook, Instagram),WhatsApp",Efectivo,Desconocido,Sin categoría,yes,no,Desconocido,Llamada telefónica,2.0,1.446808510638298
84,"November 9, 2022",dairy products,no,analog cash register,no,No se cuenta con informacion,No hay informacion acerca del cambio,No hay información,No hay información acerca de las ventas,Desconocido,Desconocido,Desconocido,Desconocido,Sin categoría,Desconocido,Desconocido,Desconocido,Desconocido,1.6272727272727272,1.446808510638298
85,"November 9, 2022",ferretería ,no,pos system (i.e. computer + bar code scanner + printer),no,No se cuenta con informacion,No hay informacion acerca del cambio,No hay información,No hay información acerca de las ventas,Desconocido,Desconocido,Desconocido,Desconocido,Sin categoría,Desconocido,Desconocido,Desconocido,Desconocido,1.6272727272727272,1.446808510638298
86,"November 9, 2022",papeleria,no,pos system (i.e. computer + bar code scanner + printer),yes,No cambió,No hay informacion acerca del cambio,En Excel,En Excel,yes,"Redes sociales (e.g. Facebook, Instagram),WhatsApp","Efectivo,Tarjeta de débito y/o crédito",Desconocido,Frecuencia de venta,yes,yes,Excel,Llamada telefónica,1.0,1.0
87,"November 9, 2022",compostura de ropa,no,analog cash register,no,No se cuenta con informacion,No hay informacion acerca del cambio,No hay información,No hay información acerca de las ventas,Desconocido,Desconocido,Desconocido,Desconocido,Sin categoría,Desconocido,Desconocido,Desconocido,Desconocido,1.6272727272727272,1.446808510638298
88,"November 9, 2022",micro-restaurant (aka. fondita),no,analog cash register,no,No se cuenta con informacion,No hay informacion acerca del cambio,No hay información,No hay información acerca de las ventas,Desconocido,Desconocido,Desconocido,Desconocido,Sin categoría,Desconocido,Desconocido,Desconocido,Desconocido,1.6272727272727272,1.446808510638298
89,"November 9, 2022",tortillería ,no,analog cash register,no,No se cuenta con informacion,No hay informacion acerca del cambio,No hay información,No hay información acerca de las ventas,Desconocido,Desconocido,Desconocido,Desconocido,Sin categoría,Desconocido,Desconocido,Desconocido,Desconocido,1.6272727272727272,1.446808510638298
90,"November 9, 2022",micro-restaurant (aka. fondita),no,analog cash register,no,No se cuenta con informacion,No hay informacion acerca del cambio,No hay información,No hay información acerca de las ventas,Desconocido,Desconocido,Desconocido,Desconocido,Sin categoría,Desconocido,Desconocido,Desconocido,Desconocido,1.6272727272727272,1.446808510638298
91,"November 9, 2022",produce (fruits & vegetables),no,analog cash register,no,No se cuenta con informacion,No hay informacion acerca del cambio,No hay información,No hay información acerca de las ventas,Desconocido,Desconocido,Desconocido,Desconocido,Sin categoría,Desconocido,Desconocido,Desconocido,Desconocido,1.6272727272727272,1.446808510638298
92,"November 9, 2022",butcher shop,no,analog cash register,no,No se cuenta con informacion,No hay informacion acerca del cambio,No hay información,No hay información acerca de las ventas,Desconocido,Desconocido,Desconocido,Desconocido,Sin categoría,Desconocido,Desconocido,Desconocido,Desconocido,1.6272727272727272,1.446808510638298
93,"November 9, 2022",micro-restaurant (aka. fondita),no,analog cash register,yes,No cambió,No cambió,"En Excel,En papel","En Excel,En papel",yes,Desconocido,Efectivo,Desconocido,Sin categoría,no,no,Desconocido,Desconocido,2.0,2.0
94,"November 8, 2022",grocery store (aka. nanostore),no,analog cash register,yes,No cambió,No cambió,No lo hago,No lo hago,yes,Desconocido,Efectivo,Ninguna,"Categoría (e.g. limpieza, aseo personal, comestibles, lácteos, etc.)",no,no,Ninguna,Llamada telefónica,0.0,0.0
95,"November 9, 2022",panaderia,no,analog cash register,no,No se cuenta con informacion,No hay informacion acerca del cambio,No hay información,No hay información acerca de las ventas,Desconocido,Desconocido,Desconocido,Desconocido,Sin categoría,Desconocido,Desconocido,Desconocido,Desconocido,1.6272727272727272,1.446808510638298
96,"November 9, 2022",micro-restaurant (aka. fondita),no,acepta pagos en efectivo ,yes,No cambió,No cambió,En papel,En papel,yes,conocidos paquetes cerrados,Efectivo,Cuaderno,Sin categoría,no,no,Desconocido,Desconocido,0.0,0.0
97,"November 9, 2022",micro-restaurant (aka. fondita),no,analog cash register,no,No se cuenta con informacion,No hay informacion acerca del cambio,No hay información,No hay información acerca de las ventas,Desconocido,Desconocido,Desconocido,Desconocido,Sin categoría,Desconocido,Desconocido,Desconocido,Desconocido,1.6272727272727272,1.446808510638298
98,"November 9, 2022",lavanderia,no,analog cash register,no,No se cuenta con informacion,No hay informacion acerca del cambio,No hay información,No hay información acerca de las ventas,Desconocido,Desconocido,Desconocido,Desconocido,Sin categoría,Desconocido,Desconocido,Desconocido,Desconocido,1.6272727272727272,1.446808510638298
99,"November 9, 2022",grocery store (aka. nanostore),no,smartphone,yes,No cambió,No hay informacion acerca del cambio,No lo hago,No lo hago,Desconocido,Desconocido,"Efectivo,Transferencia interbancaria",Aplicación móvil,"Categoría (e.g. limpieza, aseo personal, comestibles, lácteos, etc.)",Desconocido,no,Desconocido,Desconocido,1.0,1.0
100,"November 9, 2022",tlapalería ,no,"security cameras,smartphone",no,No se cuenta con informacion,No hay informacion acerca del cambio,No hay información,No hay información acerca de las ventas,Desconocido,Desconocido,Desconocido,Desconocido,Sin categoría,Desconocido,Desconocido,Desconocido,Desconocido,1.6272727272727272,1.446808510638298
101,"November 9, 2022",grocery store (aka. nanostore),no,smartphone,no,No se cuenta con informacion,No hay informacion acerca del cambio,No hay información,No hay información acerca de las ventas,Desconocido,Desconocido,Desconocido,Desconocido,Sin categoría,Desconocido,Desconocido,Desconocido,Desconocido,1.6272727272727272,1.446808510638298
102,"November 9, 2022",dairy products,no,pos system (i.e. computer + bar code scanner + printer),yes,No se cuenta con informacion,No hay informacion acerca del cambio,No hay información,No hay información acerca de las ventas,Desconocido,Desconocido,Desconocido,Desconocido,Sin categoría,Desconocido,Desconocido,Desconocido,Desconocido,1.6272727272727272,1.446808510638298
103,"November 9, 2022",tienda de ropa,no,pos system (i.e. computer + bar code scanner + printer),yes,No se cuenta con informacion,No hay informacion acerca del cambio,En Excel,En Excel,Desconocido,"Redes sociales (e.g. Facebook, Instagram),WhatsApp","Efectivo,Transferencia interbancaria",Aplicación móvil,Sin categoría,yes,no,Desconocido,Desconocido,1.0,0.0
104,"November 9, 2022",lavanderia,no,smartphone,yes,No se cuenta con informacion,No hay informacion acerca del cambio,No hay información,No hay información acerca de las ventas,Desconocido,Desconocido,Desconocido,Desconocido,Sin categoría,Desconocido,Desconocido,Desconocido,Desconocido,1.6272727272727272,1.446808510638298
105,"November 9, 2022",grocery store (aka. nanostore),no,pos system (i.e. computer + bar code scanner + printer),yes,Aumentó 50% o más,No hay informacion acerca del cambio,Software especializado + computadora,Software especializado + computadora,yes,Desconocido,Efectivo,Ninguna,Sin categoría,yes,no,Software especializado,Desconocido,0.0,0.0
106,"November 9, 2022",grocery store (aka. nanostore),no,smartphone,yes,Disminuyó 15%,No cambió,En papel,En papel,no,Físico ,Efectivo,Ninguna,"Categoría (e.g. limpieza, aseo personal, comestibles, lácteos, etc.)",no,no,Cuaderno,Sistema especializado del proveedor (e.g. VMS),1.0,0.0
107,"November 9, 2022",tienda de ropa,no,no cuenta con dispositivos ,yes,No cambió,No cambió,En Excel,En Excel,yes,"Redes sociales (e.g. Facebook, Instagram),WhatsApp",Efectivo,Redes sociales,"Categoría (e.g. limpieza, aseo personal, comestibles, lácteos, etc.)",no,no,Ninguna,Compra directa,1.0,1.0
108,"November 9, 2022",grocery store (aka. nanostore),yes,dataphone (i.e. card payments),yes,No cambió,No cambió,En papel,En papel,no,Desconocido,"Efectivo,Tarjeta de débito y/o crédito",Cuaderno,"Categoría (e.g. limpieza, aseo personal, comestibles, lácteos, etc.)",yes,yes,Cuaderno,En persona,2.0,2.0
109,"November 9, 2022",grocery store (aka. nanostore),yes,smartphone,no,No se cuenta con informacion,No hay informacion acerca del cambio,No hay información,No hay información acerca de las ventas,Desconocido,Desconocido,Desconocido,Desconocido,Sin categoría,Desconocido,Desconocido,Desconocido,Desconocido,1.6272727272727272,1.446808510638298
110,"November 9, 2022",grocery store (aka. nanostore),no,analog cash register,no,No se cuenta con informacion,No hay informacion acerca del cambio,No hay información,No hay información acerca de las ventas,Desconocido,Desconocido,Desconocido,Desconocido,Sin categoría,Desconocido,Desconocido,Desconocido,Desconocido,1.6272727272727272,1.446808510638298
111,"November 9, 2022",dairy products,yes,smartphone,no,No se cuenta con informacion,No hay informacion acerca del cambio,No hay información,No hay información acerca de las ventas,Desconocido,Desconocido,Desconocido,Desconocido,Sin categoría,Desconocido,Desconocido,Desconocido,Desconocido,1.6272727272727272,1.446808510638298
112,"November 9, 2022",bread ,no,smartphone,yes,No se cuenta con informacion,No hay informacion acerca del cambio,En papel,En papel,Desconocido,Desconocido,Desconocido,Desconocido,Sin categoría,Desconocido,Desconocido,Desconocido,Desconocido,2.0,1.446808510638298
113,"November 9, 2022",cafeteria,no,analog cash register,yes,No cambió,No cambió,En papel,En papel,no,"Llamada a Teléfono celular,Llamada a Teléfono fijo,Redes sociales (e.g. Facebook, Instagram),WhatsApp",Efectivo,Redes sociales,Margen de utilidad,no,no,Ninguna,En persona,0.0,0.0
114,"November 9, 2022",estética ,no,pos system (i.e. computer + bar code scanner + printer),no,No se cuenta con informacion,No hay informacion acerca del cambio,No hay información,No hay información acerca de las ventas,Desconocido,Desconocido,Desconocido,Desconocido,Sin categoría,Desconocido,Desconocido,Desconocido,Desconocido,1.6272727272727272,1.446808510638298
115,"November 9, 2022",butcher shop,no,smartphone,no,No se cuenta con informacion,No hay informacion acerca del cambio,No hay información,No hay información acerca de las ventas,Desconocido,Desconocido,Desconocido,Desconocido,Sin categoría,Desconocido,Desconocido,Desconocido,Desconocido,1.6272727272727272,1.446808510638298
116,"November 9, 2022",produce (fruits & vegetables),no,smartphone,no,No se cuenta con informacion,No hay informacion acerca del cambio,No hay información,No hay información acerca de las ventas,Desconocido,Desconocido,Desconocido,Desconocido,Sin categoría,Desconocido,Desconocido,Desconocido,Desconocido,1.6272727272727272,1.446808510638298
117,"November 9, 2022",limpieza,no,pos system (i.e. computer + bar code scanner + printer),yes,No cambió,No hay informacion acerca del cambio,Software especializado + computadora,Software especializado + computadora,Desconocido,Desconocido,"Efectivo,Tarjeta de débito y/o crédito,Transferencia interbancaria",Desconocido,Tamaño,yes,no,Desconocido,Desconocido,0.0,0.0
118,"November 9, 2022",dairy products,no,analog cash register,yes,No cambió,Aumentó 15%,Software especializado + computadora,Software especializado + computadora,yes,"Llamada a Teléfono celular,Llamada a Teléfono fijo,Redes sociales (e.g. Facebook, Instagram),WhatsApp","Efectivo,Tarjeta de débito y/o crédito",Ninguna,Margen de utilidad,yes,no,Ninguna,Llamada telefónica,4.0,4.0
119,"November 9, 2022",dairy products,yes,analog cash register,yes,No cambió,No cambió,Software especializado + computadora,Software especializado + computadora,yes,"Aplicación móvil (e.g. Rappi, Uber Eats)","Efectivo,Tarjeta de débito y/o crédito",Redes sociales,Frecuencia de venta,yes,no,Ninguna,Llamada telefónica,3.0,3.0
120,"November 9, 2022",micro-restaurant (aka. fondita),yes,smartphone,no,No se cuenta con informacion,No hay informacion acerca del cambio,No hay información,No hay información acerca de las ventas,Desconocido,"Aplicación móvil (e.g. Rappi, Uber Eats)",Desconocido,Desconocido,Sin categoría,Desconocido,Desconocido,Desconocido,Desconocido,1.6272727272727272,1.446808510638298
121,"November 9, 2022",micro-restaurant (aka. fondita),no,smartphone,no,No se cuenta con informacion,No hay informacion acerca del cambio,No hay información,No hay información acerca de las ventas,Desconocido,Desconocido,Desconocido,Desconocido,Sin categoría,Desconocido,Desconocido,Desconocido,Desconocido,1.6272727272727272,1.446808510638298
122,"November 9, 2022",papelería,no,analog cash register,yes,Aumentó 25%,Aumentó 15%,"En Excel,En papel","En Excel,En papel",yes,"Aplicación móvil (e.g. Rappi, Uber Eats)","Efectivo,Tarjeta de débito y/o crédito,Transferencia interbancaria",Aplicación móvil,Frecuencia de venta,yes,no,Ninguna,En persona,1.0,1.0
123,"November 7, 2022",micro-restaurant (aka. fondita),no,smartphone,yes,No cambió,No cambió,En papel,En papel,no,"Aplicación móvil (e.g. Rappi, Uber Eats)","Efectivo,Transferencia interbancaria",Redes sociales,Frecuencia de venta,yes,no,Cuaderno,Mensajería instantánea (e.g. WhatsApp),3.0,0.0
124,"November 9, 2022",produce (fruits & vegetables),no,analog cash register,yes,Disminuyó 15%,Disminuyó 15%,En papel,En papel,yes,Desconocido,Efectivo,Ninguna,Frecuencia de venta,no,no,Ninguna,En persona,1.0,0.0
125,"November 9, 2022",peluqueria,no,smartphone,yes,No cambió,No hay informacion acerca del cambio,No lo hago,No lo hago,Desconocido,Desconocido,Desconocido,Aplicación móvil,Sin categoría,no,no,Desconocido,Desconocido,0.0,1.446808510638298
126,"November 9, 2022",micro-restaurant (aka. fondita),no,smartphone,yes,No cambió,No hay informacion acerca del cambio,En papel,En papel,Desconocido,Desconocido,Efectivo,Desconocido,Sin categoría,no,no,Desconocido,Desconocido,0.0,0.0
127,"November 9, 2022",cafeteria,no,analog cash register,yes,No cambió,No hay informacion acerca del cambio,En papel,En papel,Desconocido,Desconocido,"Efectivo,Transferencia interbancaria",Desconocido,Sin categoría,no,no,Desconocido,Desconocido,0.0,0.0
128,"November 9, 2022",micro-restaurant (aka. fondita),no,analog cash register,yes,Disminuyó 25%,No hay informacion acerca del cambio,No lo hago,No lo hago,Desconocido,Desconocido,Desconocido,Desconocido,Sin categoría,Desconocido,yes,Desconocido,Desconocido,1.0,1.0
129,"November 9, 2022",dairy products,no,analog cash register,no,No se cuenta con informacion,No hay informacion acerca del cambio,No hay información,No hay información acerca de las ventas,Desconocido,Desconocido,Desconocido,Desconocido,Sin categoría,Desconocido,Desconocido,Desconocido,Desconocido,1.6272727272727272,1.446808510638298
130,"November 9, 2022",grocery store (aka. nanostore),yes,pos system (i.e. computer + bar code scanner + printer),no,No se cuenta con informacion,No hay informacion acerca del cambio,No hay información,No hay información acerca de las ventas,Desconocido,Desconocido,Desconocido,Desconocido,Sin categoría,Desconocido,Desconocido,Desconocido,Desconocido,1.6272727272727272,1.446808510638298
131,"November 9, 2022",toolshop,yes,pos system (i.e. computer + bar code scanner + printer),yes,No cambió,No hay informacion acerca del cambio,En Excel,En Excel,Desconocido,"Redes sociales (e.g. Facebook, Instagram),WhatsApp","Efectivo,Tarjeta de débito y/o crédito",Aplicación móvil,"Categoría (e.g. limpieza, aseo personal, comestibles, lácteos, etc.)",yes,Desconocido,Desconocido,Página web del proveedor,1.0,2.0
132,"November 3, 2022",micro-restaurant (aka. fondita),yes,"security cameras,smartphone",yes,No cambió,No cambió,En papel,En papel,no,Ninguno,"Efectivo,Transferencia interbancaria",Cuaderno,Refrigeración,yes,no,Cuaderno,En persona,1.0,1.0
133,"November 3, 2022",floreria,no,"security cameras,smartphone",yes,Disminuyó 15%,Disminuyó 15%,En papel,En papel,yes,"Llamada a Teléfono celular,Llamada a Teléfono fijo,Redes sociales (e.g. Facebook, Instagram),WhatsApp","Efectivo,Tarjeta de débito y/o crédito,Transferencia interbancaria",Redes sociales,Tamaño,yes,no,Aplicación móvil,En persona,3.0,3.0
134,"November 9, 2022",grocery store (aka. nanostore),yes,smartphone,no,No se cuenta con informacion,No hay informacion acerca del cambio,No hay información,No hay información acerca de las ventas,Desconocido,Desconocido,Desconocido,Desconocido,Sin categoría,Desconocido,Desconocido,Desconocido,Desconocido,1.6272727272727272,1.446808510638298
135,"November 9, 2022",micro-restaurant (aka. fondita),no,smartphone,yes,No cambió,No hay informacion acerca del cambio,En papel,En Excel,Desconocido,"Llamada a Teléfono celular,Llamada a Teléfono fijo,Redes sociales (e.g. Facebook, Instagram),WhatsApp",Efectivo,Desconocido,Sin categoría,no,Desconocido,Desconocido,Desconocido,2.0,1.446808510638298
136,"November 9, 2022",grocery store (aka. nanostore),no,smartphone,no,No se cuenta con informacion,No hay informacion acerca del cambio,No hay información,No hay información acerca de las ventas,Desconocido,Desconocido,Desconocido,Desconocido,Sin categoría,Desconocido,Desconocido,Desconocido,Desconocido,1.6272727272727272,1.446808510638298
137,"November 9, 2022",grocery store (aka. nanostore),yes,smartphone,yes,No cambió,Disminuyó 15%,En papel,En papel,no,Desconocido,Efectivo,Ninguna,Sin categoría,no,yes,Desconocido,Desconocido,1.0,1.446808510638298
138,"November 9, 2022",grocery store (aka. nanostore),no,smartphone,no,No se cuenta con informacion,No hay informacion acerca del cambio,No hay información,No hay información acerca de las ventas,Desconocido,Desconocido,Desconocido,Desconocido,Sin categoría,Desconocido,Desconocido,Desconocido,Desconocido,1.6272727272727272,1.446808510638298
139,"November 8, 2022",micro-restaurant (aka. fondita),no,no cuenta con dispositivos ,no,No se cuenta con informacion,No hay informacion acerca del cambio,No hay información,No hay información acerca de las ventas,Desconocido,Desconocido,Desconocido,Desconocido,Sin categoría,Desconocido,Desconocido,Desconocido,Desconocido,1.6272727272727272,1.446808510638298
140,"November 8, 2022",grocery store (aka. nanostore),no,analog cash register,no,No se cuenta con informacion,No hay informacion acerca del cambio,No hay información,No hay información acerca de las ventas,Desconocido,Desconocido,Desconocido,Desconocido,Sin categoría,Desconocido,Desconocido,Desconocido,Desconocido,1.6272727272727272,1.446808510638298
141,"November 4, 2022",produce (fruits & vegetables),no,smartphone,yes,No se cuenta con informacion,No hay informacion acerca del cambio,No hay información,No hay información acerca de las ventas,Desconocido,Desconocido,Desconocido,Desconocido,Sin categoría,Desconocido,Desconocido,Desconocido,Desconocido,1.6272727272727272,1.446808510638298
142,"November 7, 2022",grocery store (aka. nanostore),no,analog cash register,yes,No cambió,No cambió,Software especializado + computadora,Aplicación móvil (i.e. App) + smartphone,yes,"Redes sociales (e.g. Facebook, Instagram),WhatsApp","Efectivo,Tarjeta de débito y/o crédito,Transferencia interbancaria",Redes sociales,"Categoría (e.g. limpieza, aseo personal, comestibles, lácteos, etc.)",yes,no,Desconocido,Desconocido,4.0,4.0
143,"November 7, 2022",technology store,yes,dataphone (i.e. card payments),yes,No cambió,No cambió,Software especializado + computadora,Software especializado + computadora,yes,"Llamada a Teléfono celular,Llamada a Teléfono fijo,Redes sociales (e.g. Facebook, Instagram),WhatsApp","Efectivo,Tarjeta de débito y/o crédito,Transferencia interbancaria",Redes sociales,"Categoría (e.g. limpieza, aseo personal, comestibles, lácteos, etc.)",yes,yes,Software especializado,Desconocido,5.0,5.0
144,"November 7, 2022",panaderia,yes,dataphone (i.e. card payments),yes,Aumentó 15%,No cambió,Software especializado + computadora,Caja registradora (análoga),yes,"Redes sociales (e.g. Facebook, Instagram),WhatsApp","Efectivo,Tarjeta de débito y/o crédito",Ninguna,Sin categoría,yes,no,Desconocido,Desconocido,4.0,6.0
145,"November 7, 2022",micro-restaurant (aka. fondita),no,dataphone (i.e. card payments),yes,No cambió,Aumentó 15%,En papel,En papel,yes,"Redes sociales (e.g. Facebook, Instagram),WhatsApp","Efectivo,Tarjeta de débito y/o crédito,Transferencia interbancaria",Aplicación móvil,"Categoría (e.g. limpieza, aseo personal, comestibles, lácteos, etc.)",yes,no,Ninguna,Llamada telefónica,4.0,4.0
146,"November 7, 2022",grocery store (aka. nanostore),yes,dataphone (i.e. card payments),yes,Aumentó 15%,No cambió,En Excel,En papel,yes,"Llamada a Teléfono celular,Llamada a Teléfono fijo,Redes sociales (e.g. Facebook, Instagram),WhatsApp","Efectivo,Tarjeta de débito y/o crédito,Transferencia interbancaria",Redes sociales,"Categoría (e.g. limpieza, aseo personal, comestibles, lácteos, etc.)",yes,yes,Desconocido,Desconocido,1.0,1.0
147,"November 7, 2022",grocery store (aka. nanostore),yes,dataphone (i.e. card payments),yes,No cambió,Aumentó 15%,Software especializado + computadora,Software especializado + computadora,yes,"Llamada a Teléfono celular,Llamada a Teléfono fijo,Redes sociales (e.g. Facebook, Instagram),WhatsApp","Efectivo,Tarjeta de débito y/o crédito,Transferencia interbancaria",Desconocido,"Categoría (e.g. limpieza, aseo personal, comestibles, lácteos, etc.)",yes,yes,Desconocido,Desconocido,2.0,2.0
148,"November 7, 2022",grocery store (aka. nanostore),no,dataphone (i.e. card payments),yes,No cambió,No hay informacion acerca del cambio,En papel,En papel,yes,Desconocido,Efectivo,Ninguna,"Categoría (e.g. limpieza, aseo personal, comestibles, lácteos, etc.)",yes,no,Ninguna,Desconocido,1.0,1.0
149,"November 7, 2022",laundry store,no,dataphone (i.e. card payments),yes,Aumentó 25%,No cambió,En Excel,Software especializado + computadora,yes,"Llamada a Teléfono celular,Llamada a Teléfono fijo,Redes sociales (e.g. Facebook, Instagram),WhatsApp",Efectivo,Ninguna,Tamaño,yes,no,Desconocido,Desconocido,2.0,2.0
150,"November 7, 2022",grocery store (aka. nanostore),no,no cuenta con dispositivos ,yes,Aumentó 25%,No cambió,No lo hago,No lo hago,no,"Llamada a Teléfono celular,Llamada a Teléfono fijo,Redes sociales (e.g. Facebook, Instagram),WhatsApp",Desconocido,Desconocido,Sin categoría,no,Desconocido,Desconocido,Desconocido,0.0,0.0
151,"November 7, 2022",barber shop,no,analog cash register,yes,No cambió,No cambió,Software especializado + computadora,En Excel,yes,"Llamada a Teléfono celular,Llamada a Teléfono fijo,Redes sociales (e.g. Facebook, Instagram),WhatsApp","Efectivo,Tarjeta de débito y/o crédito",Aplicación móvil,Precio,yes,no,Excel,Mensajería instantánea (e.g. WhatsApp),6.0,6.0
152,"November 7, 2022",dairy products,no,analog cash register,yes,No cambió,Aumentó 15%,Software especializado + computadora,Software especializado + computadora,yes,"Llamada a Teléfono celular,Llamada a Teléfono fijo,Redes sociales (e.g. Facebook, Instagram),WhatsApp","Efectivo,Tarjeta de débito y/o crédito,Transferencia interbancaria",Aplicación móvil,"Categoría (e.g. limpieza, aseo personal, comestibles, lácteos, etc.)",yes,no,Excel,En persona,2.0,3.0
153,"November 7, 2022",micro-restaurant (aka. fondita),no,dataphone (i.e. card payments),yes,No se cuenta con informacion,No hay informacion acerca del cambio,En papel,En papel,no,"Redes sociales (e.g. Facebook, Instagram),WhatsApp","Efectivo,Tarjeta de débito y/o crédito",Redes sociales,"Categoría (e.g. limpieza, aseo personal, comestibles, lácteos, etc.)",yes,no,Ninguna,Página web del proveedor,3.0,1.446808510638298
154,"November 7, 2022",ferretería ,yes,dataphone (i.e. card payments),yes,No cambió,No hay informacion acerca del cambio,"En Excel,En papel",No lo hago,yes,"Redes sociales (e.g. Facebook, Instagram),WhatsApp","Efectivo,Tarjeta de débito y/o crédito,Transferencia interbancaria",Redes sociales,"Categoría (e.g. limpieza, aseo personal, comestibles, lácteos, etc.)",yes,no,Cuaderno,Llamada telefónica,0.0,0.0
155,"November 7, 2022",micro-restaurant (aka. fondita),no,smartphone,yes,No se cuenta con informacion,No hay informacion acerca del cambio,En papel,En papel,no,"Llamada a Teléfono celular,Llamada a Teléfono fijo,Redes sociales (e.g. Facebook, Instagram),WhatsApp","Efectivo,Transferencia interbancaria",Redes sociales,"Categoría (e.g. limpieza, aseo personal, comestibles, lácteos, etc.)",no,no,Ninguna,Llamada telefónica,2.0,1.446808510638298
156,"November 7, 2022",lavanderia,yes,smartphone,yes,No cambió,No cambió,En papel,En papel,yes,"Redes sociales (e.g. Facebook, Instagram),WhatsApp",Efectivo,Redes sociales,Tamaño,no,no,Cuaderno,Mensajería instantánea (e.g. WhatsApp),2.0,2.0
157,"November 7, 2022",tecnología ,no,dataphone (i.e. card payments),yes,No cambió,Aumentó 15%,En papel,En papel,no,"Redes sociales (e.g. Facebook, Instagram),WhatsApp","Efectivo,Tarjeta de débito y/o crédito,Transferencia interbancaria",Ninguna,"Categoría (e.g. limpieza, aseo personal, comestibles, lácteos, etc.)",yes,no,Ninguna,Mensajería instantánea (e.g. WhatsApp),2.0,2.0
158,"November 7, 2022",micro-restaurant (aka. fondita),no,analog cash register,yes,Aumentó 25%,No cambió,En Excel,En Excel,yes,"Llamada a Teléfono celular,Llamada a Teléfono fijo,Redes sociales (e.g. Facebook, Instagram),WhatsApp","Efectivo,Tarjeta de débito y/o crédito,Transferencia interbancaria",Redes sociales,Refrigeración,yes,yes,Ninguna,Llamada telefónica,3.0,2.0
159,"November 7, 2022",grocery store (aka. nanostore),no,dataphone (i.e. card payments),yes,No cambió,No cambió,No lo hago,No lo hago,yes,"Redes sociales (e.g. Facebook, Instagram),WhatsApp",Efectivo,Desconocido,Tamaño,yes,no,Desconocido,Desconocido,2.0,2.0
160,"November 4, 2022",tailor (sastrería),no,analog cash register,yes,No cambió,No cambió,Software especializado + computadora,Software especializado + computadora,yes,"Redes sociales (e.g. Facebook, Instagram),WhatsApp","Efectivo,Tarjeta de débito y/o crédito",Aplicación móvil,Margen de utilidad,yes,no,En físico ,"Email,En persona",1.0,2.0
161,"November 2, 2022",grocery store (aka. nanostore),yes,pos system (i.e. computer + bar code scanner + printer),yes,No cambió,No cambió,"Aplicación móvil (i.e. App) + smartphone,En Excel",Aplicación móvil (i.e. App) + smartphone,no,"Llamada a Teléfono celular,Llamada a Teléfono fijo,Redes sociales (e.g. Facebook, Instagram),WhatsApp",Efectivo,Teléfono,"Categoría (e.g. limpieza, aseo personal, comestibles, lácteos, etc.)",yes,no,Aplicación móvil,Llamada telefónica,0.0,0.0
162,"November 3, 2022",grocery store (aka. nanostore),no,"security cameras,smartphone",yes,No cambió,Aumentó 50% o más,En Excel,"En Excel,En papel",yes,"Redes sociales (e.g. Facebook, Instagram),WhatsApp","Efectivo,Transferencia interbancaria",Aplicación móvil,Margen de utilidad,yes,no,Excel,Mensajería instantánea (e.g. WhatsApp),3.0,2.0
163,"November 3, 2022",micro-restaurant (aka. fondita),yes,pos system (i.e. computer + bar code scanner + printer),no,No se cuenta con informacion,No hay informacion acerca del cambio,No hay información,No hay información acerca de las ventas,Desconocido,Desconocido,Desconocido,Desconocido,Sin categoría,Desconocido,Desconocido,Desconocido,Desconocido,1.6272727272727272,1.446808510638298
164,"November 3, 2022",productos tradicionales ,no,smartphone,no,No se cuenta con informacion,No hay informacion acerca del cambio,No hay información,No hay información acerca de las ventas,Desconocido,Desconocido,Desconocido,Desconocido,Sin categoría,Desconocido,Desconocido,Desconocido,Desconocido,1.6272727272727272,1.446808510638298
165,"November 3, 2022",productos tradicionales ,no,analog cash register,yes,Aumentó 25%,No hay informacion acerca del cambio,En papel,En papel,yes,"Redes sociales (e.g. Facebook, Instagram),WhatsApp","Efectivo,Tarjeta de débito y/o crédito",Redes sociales,Tamaño,yes,no,Cuaderno,Mensajería instantánea (e.g. WhatsApp),4.0,1.446808510638298
166,"November 3, 2022",grocery store (aka. nanostore),yes,analog cash register,no,No se cuenta con informacion,No hay informacion acerca del cambio,No hay información,No hay información acerca de las ventas,Desconocido,Desconocido,Desconocido,Desconocido,Sin categoría,Desconocido,Desconocido,Desconocido,Desconocido,1.6272727272727272,1.446808510638298
167,"November 3, 2022",grocery store (aka. nanostore),no,analog cash register,no,No se cuenta con informacion,No hay informacion acerca del cambio,No hay información,No hay información acerca de las ventas,Desconocido,Desconocido,Desconocido,Desconocido,Sin categoría,Desconocido,Desconocido,Desconocido,Desconocido,1.6272727272727272,1.446808510638298
168,"November 3, 2022",micro-restaurant (aka. fondita),yes,smartphone,no,No se cuenta con informacion,No hay informacion acerca del cambio,No hay información,No hay información acerca de las ventas,Desconocido,Desconocido,Desconocido,Desconocido,Sin categoría,Desconocido,Desconocido,Desconocido,Desconocido,1.6272727272727272,1.446808510638298
169,"November 3, 2022",micro-restaurant (aka. fondita),no,analog cash register,no,No se cuenta con informacion,No hay informacion acerca del cambio,No hay información,No hay información acerca de las ventas,Desconocido,Desconocido,Desconocido,Desconocido,Sin categoría,Desconocido,Desconocido,Desconocido,Desconocido,1.6272727272727272,1.446808510638298
170,"November 3, 2022",micro-restaurant (aka. fondita),no,smartphone,no,No se cuenta con informacion,No hay informacion acerca del cambio,No hay información,No hay información acerca de las ventas,Desconocido,Desconocido,Desconocido,Desconocido,Sin categoría,Desconocido,Desconocido,Desconocido,Desconocido,1.6272727272727272,1.446808510638298
